{
  "id": "",
  "name": "",
  "font_family": "iconfont",
  "css_prefix_text": "icon-",
  "description": "",
  "glyphs": [
    {
      "icon_id": "784995",
      "name": "留言2",
      "font_class": "liuyan2",
      "unicode": "e636",
      "unicode_decimal": 58934
    },
    {
      "icon_id": "1016756",
      "name": "电话",
      "font_class": "phone",
      "unicode": "e6dc",
      "unicode_decimal": 59100
    },
    {
      "icon_id": "4948953",
      "name": "放大镜",
      "font_class": "fangdajing",
      "unicode": "e610",
      "unicode_decimal": 58896
    },
    {
      "icon_id": "14112857",
      "name": "购物车",
      "font_class": "gouwuche",
      "unicode": "e640",
      "unicode_decimal": 58944
    },
    {
      "icon_id": "14421186",
      "name": "向下箭头",
      "font_class": "xiangxiajiantou",
      "unicode": "e656",
      "unicode_decimal": 58966
    }
  ]
}
